cores,threads,radius,hw,ms,run
1,1,10,1,1234,1
1,1,10,1,1348,2
1,1,10,1,1270,3
1,1,10,1,1266,4
1,1,10,1,1302,5
1,2,10,1,1437,1
1,2,10,1,1955,2
1,2,10,1,2318,3
1,2,10,1,1573,4
1,2,10,1,1359,5
1,3,10,1,1360,1
1,3,10,1,1716,2
1,3,10,1,2022,3
1,3,10,1,1316,4
1,3,10,1,1316,5
1,4,10,1,1311,1
1,4,10,1,1311,2
1,4,10,1,1398,3
1,4,10,1,1418,4
1,4,10,1,1297,5
1,5,10,1,1303,1
1,5,10,1,1287,2
1,5,10,1,1305,3
1,5,10,1,1317,4
1,5,10,1,1296,5
1,6,10,1,1324,1
1,6,10,1,1308,2
1,6,10,1,1294,3
1,6,10,1,1301,4
1,6,10,1,1306,5
1,7,10,1,1303,1
1,7,10,1,1285,2
1,7,10,1,1309,3
1,7,10,1,1306,4
1,7,10,1,1289,5
1,8,10,1,1291,1
1,8,10,1,1291,2
1,8,10,1,1405,3
1,8,10,1,1308,4
1,8,10,1,1289,5
1,9,10,1,1306,1
1,9,10,1,1290,2
1,9,10,1,1301,3
1,9,10,1,1295,4
1,9,10,1,1287,5
1,10,10,1,1297,1
1,10,10,1,1415,2
1,10,10,1,1371,3
1,10,10,1,1312,4
1,10,10,1,1303,5
1,11,10,1,1297,1
1,11,10,1,1289,2
1,11,10,1,1299,3
1,11,10,1,1290,4
1,11,10,1,1323,5
1,12,10,1,1374,1
1,12,10,1,1318,2
1,12,10,1,1299,3
1,12,10,1,1292,4
1,12,10,1,1320,5
1,13,10,1,1293,1
1,13,10,1,1314,2
1,13,10,1,1311,3
1,13,10,1,1305,4
1,13,10,1,1311,5
1,14,10,1,1302,1
1,14,10,1,1302,2
1,14,10,1,1307,3
1,14,10,1,1304,4
1,14,10,1,1302,5
1,15,10,1,1294,1
1,15,10,1,1354,2
1,15,10,1,1335,3
1,15,10,1,1326,4
1,15,10,1,1454,5
1,16,10,1,1311,1
1,16,10,1,1316,2
1,16,10,1,1297,3
1,16,10,1,1296,4
1,16,10,1,1302,5
2,1,10,2,1303,1
2,1,10,2,1305,2
2,1,10,2,1306,3
2,1,10,2,1311,4
2,1,10,2,1297,5
2,2,10,2,1228,1
2,2,10,2,1234,2
2,2,10,2,1233,3
2,2,10,2,1242,4
2,2,10,2,1279,5
2,3,10,2,1275,1
2,3,10,2,1234,2
2,3,10,2,1238,3
2,3,10,2,1330,4
2,3,10,2,1236,5
2,4,10,2,1240,1
2,4,10,2,1244,2
2,4,10,2,1231,3
2,4,10,2,1240,4
2,4,10,2,1236,5
2,5,10,2,1229,1
2,5,10,2,1227,2
2,5,10,2,1235,3
2,5,10,2,1237,4
2,5,10,2,1228,5
2,6,10,2,1227,1
2,6,10,2,1231,2
2,6,10,2,1230,3
2,6,10,2,1227,4
2,6,10,2,1234,5
2,7,10,2,1244,1
2,7,10,2,1277,2
2,7,10,2,1281,3
2,7,10,2,1281,4
2,7,10,2,1243,5
2,8,10,2,1234,1
2,8,10,2,1235,2
2,8,10,2,1244,3
2,8,10,2,1233,4
2,8,10,2,1236,5
2,9,10,2,1223,1
2,9,10,2,1234,2
2,9,10,2,1226,3
2,9,10,2,1238,4
2,9,10,2,1238,5
2,10,10,2,1229,1
2,10,10,2,1239,2
2,10,10,2,1237,3
2,10,10,2,1238,4
2,10,10,2,1238,5
2,11,10,2,1239,1
2,11,10,2,1317,2
2,11,10,2,1244,3
2,11,10,2,1238,4
2,11,10,2,1244,5
2,12,10,2,1278,1
2,12,10,2,1252,2
2,12,10,2,1234,3
2,12,10,2,1236,4
2,12,10,2,1225,5
2,13,10,2,1238,1
2,13,10,2,1244,2
2,13,10,2,1228,3
2,13,10,2,1226,4
2,13,10,2,1226,5
2,14,10,2,1225,1
2,14,10,2,1224,2
2,14,10,2,1227,3
2,14,10,2,1226,4
2,14,10,2,1232,5
2,15,10,2,1290,1
2,15,10,2,1229,2
2,15,10,2,1233,3
2,15,10,2,1238,4
2,15,10,2,1230,5
2,16,10,2,1227,1
2,16,10,2,1236,2
2,16,10,2,1232,3
2,16,10,2,1244,4
2,16,10,2,1227,5
3,1,10,3,1199,1
3,1,10,3,1222,2
3,1,10,3,1220,3
3,1,10,3,1226,4
3,1,10,3,1320,5
3,2,10,3,818,1
3,2,10,3,702,2
3,2,10,3,703,3
3,2,10,3,741,4
3,2,10,3,819,5
3,3,10,3,700,1
3,3,10,3,686,2
3,3,10,3,701,3
3,3,10,3,682,4
3,3,10,3,701,5
3,4,10,3,733,1
3,4,10,3,716,2
3,4,10,3,744,3
3,4,10,3,695,4
3,4,10,3,679,5
3,5,10,3,702,1
3,5,10,3,716,2
3,5,10,3,698,3
3,5,10,3,709,4
3,5,10,3,696,5
3,6,10,3,703,1
3,6,10,3,706,2
3,6,10,3,700,3
3,6,10,3,698,4
3,6,10,3,812,5
3,7,10,3,706,1
3,7,10,3,867,2
3,7,10,3,766,3
3,7,10,3,716,4
3,7,10,3,704,5
3,8,10,3,715,1
3,8,10,3,725,2
3,8,10,3,718,3
3,8,10,3,711,4
3,8,10,3,717,5
3,9,10,3,700,1
3,9,10,3,718,2
3,9,10,3,704,3
3,9,10,3,710,4
3,9,10,3,692,5
3,10,10,3,708,1
3,10,10,3,706,2
3,10,10,3,724,3
3,10,10,3,769,4
3,10,10,3,971,5
3,11,10,3,878,1
3,11,10,3,721,2
3,11,10,3,737,3
3,11,10,3,706,4
3,11,10,3,729,5
3,12,10,3,714,1
3,12,10,3,711,2
3,12,10,3,701,3
3,12,10,3,733,4
3,12,10,3,703,5
3,13,10,3,712,1
3,13,10,3,697,2
3,13,10,3,713,3
3,13,10,3,701,4
3,13,10,3,723,5
3,14,10,3,729,1
3,14,10,3,733,2
3,14,10,3,907,3
3,14,10,3,736,4
3,14,10,3,709,5
3,15,10,3,698,1
3,15,10,3,744,2
3,15,10,3,723,3
3,15,10,3,737,4
3,15,10,3,702,5
3,16,10,3,709,1
3,16,10,3,737,2
3,16,10,3,721,3
3,16,10,3,721,4
3,16,10,3,739,5
4,1,10,4,1327,1
4,1,10,4,1289,2
4,1,10,4,1288,3
4,1,10,4,1270,4
4,1,10,4,1298,5
4,2,10,4,795,1
4,2,10,4,864,2
4,2,10,4,959,3
4,2,10,4,819,4
4,2,10,4,881,5
4,3,10,4,725,1
4,3,10,4,722,2
4,3,10,4,728,3
4,3,10,4,725,4
4,3,10,4,745,5
4,4,10,4,694,1
4,4,10,4,686,2
4,4,10,4,688,3
4,4,10,4,698,4
4,4,10,4,723,5
4,5,10,4,699,1
4,5,10,4,738,2
4,5,10,4,736,3
4,5,10,4,730,4
4,5,10,4,706,5
4,6,10,4,706,1
4,6,10,4,692,2
4,6,10,4,710,3
4,6,10,4,707,4
4,6,10,4,818,5
4,7,10,4,697,1
4,7,10,4,701,2
4,7,10,4,700,3
4,7,10,4,708,4
4,7,10,4,700,5
4,8,10,4,708,1
4,8,10,4,691,2
4,8,10,4,700,3
4,8,10,4,694,4
4,8,10,4,707,5
4,9,10,4,690,1
4,9,10,4,704,2
4,9,10,4,691,3
4,9,10,4,700,4
4,9,10,4,704,5
4,10,10,4,720,1
4,10,10,4,692,2
4,10,10,4,718,3
4,10,10,4,697,4
4,10,10,4,702,5
4,11,10,4,686,1
4,11,10,4,695,2
4,11,10,4,802,3
4,11,10,4,689,4
4,11,10,4,684,5
4,12,10,4,687,1
4,12,10,4,702,2
4,12,10,4,698,3
4,12,10,4,708,4
4,12,10,4,701,5
4,13,10,4,696,1
4,13,10,4,703,2
4,13,10,4,689,3
4,13,10,4,697,4
4,13,10,4,696,5
4,14,10,4,711,1
4,14,10,4,697,2
4,14,10,4,709,3
4,14,10,4,703,4
4,14,10,4,705,5
4,15,10,4,711,1
4,15,10,4,721,2
4,15,10,4,695,3
4,15,10,4,710,4
4,15,10,4,697,5
4,16,10,4,707,1
4,16,10,4,809,2
4,16,10,4,696,3
4,16,10,4,703,4
4,16,10,4,698,5
